cluster_id,middlelat,middlelong
0.0,52.35130208714637,9.655861229074441
2.0,52.358348225396966,9.652559884070596
3.0,52.35281370260267,9.660477044875739
5.0,52.356783233818916,9.659969562226728
9.0,52.355317457715536,9.666380336623899
10.0,52.37258932936837,9.66187289493555
11.0,52.375850084015475,9.664922813384418
19.0,52.38102461706506,9.663622236687901
23.0,52.32489416841133,9.679018475828002
24.0,52.32747030725935,9.68296781805775
28.0,52.33080664771416,9.687153836028095
31.0,52.335644502819335,9.68395144689779
32.0,52.338260544889756,9.687466279402734
33.0,52.32408655968504,9.693042643531804
34.0,52.328368656058416,9.695649712293259
35.0,52.3279912299677,9.703308955438699
36.0,52.33130706436033,9.691876554760825
42.0,52.33702010640773,9.693453326593076
47.0,52.33330654211418,9.70064762573005
50.0,52.33726244542143,9.700416354505679
54.0,52.33749415970226,9.704720003345196
57.0,52.343370150081846,9.71986259918224
59.0,52.324417260824625,9.71838042547751
61.0,52.32808767620383,9.718946705869085
63.0,52.33207333901048,9.71822356878604
75.0,52.330646918684465,9.73069700331236
81.0,52.33553645759825,9.733305327815259
82.0,52.33854137208215,9.741854958336155
83.0,52.33088070557607,9.754377667811621
84.0,52.339638475699466,9.746808972576709
85.0,52.3361759254328,9.749207244481648
87.0,52.3482362127103,9.668444358063475
92.0,52.34958775511329,9.674300756138212
93.0,52.34535311100007,9.676052707000053
94.0,52.347755865400835,9.679925175731993
97.0,52.34048485829507,9.684284857797604
98.0,52.342879153126965,9.687155641738215
100.0,52.3467110135409,9.684207671542989
103.0,52.349113773716695,9.689100762066845
104.0,52.35190410454741,9.668663633866117
105.0,52.35755479070285,9.671056798470834
106.0,52.353181789942155,9.676294957208823
115.0,52.35803438098057,9.677267798228801
121.0,52.35172286155317,9.684439608110123
122.0,52.358137473447925,9.684635564186536
130.0,52.34264984706649,9.692782557353706
134.0,52.341527137280735,9.697365100898606
138.0,52.34631308740698,9.69037447597411
140.0,52.34854173182973,9.694301102475267
141.0,52.345254899479656,9.698091070859794
142.0,52.34823214584396,9.699469390795505
145.0,52.34047931313461,9.70284973581169
147.0,52.3438676774454,9.706164584393097
151.0,52.34560329542283,9.704117544848739
153.0,52.3473031421482,9.709468708661158
155.0,52.35318280608538,9.693709720863591
158.0,52.35537132712101,9.699155190530314
160.0,52.36053759762907,9.698045692978175
161.0,52.351425698076454,9.704660828693857
164.0,52.355369453704,9.705392240675817
165.0,52.38035300226022,9.733844247916903
170.0,52.364827412447234,9.66642791358784
172.0,52.36510590063073,9.672879031360996
173.0,52.36290791904097,9.67781484685454
176.0,52.36599905730265,9.677843925413468
178.0,52.369415141499104,9.670342452411983
182.0,52.37070412267256,9.6765757258533
184.0,52.36483966203083,9.686350145687749
190.0,52.368681855450305,9.684266182385585
191.0,52.37196803781126,9.686628110377853
192.0,52.37387998788818,9.671162473028215
193.0,52.376992400664435,9.67389863199516
198.0,52.38325551434967,9.671550949365937
202.0,52.37728505400101,9.67953593118972
203.0,52.38198297289854,9.675480319683187
204.0,52.37739476039806,9.683448251901408
234.0,52.37090492693409,9.691996218568107
269.0,52.374967728620604,9.692601241400899
279.0,52.37803870489737,9.696987511882131
283.0,52.382330101757375,9.691558265648752
289.0,52.38353550389246,9.698718924861293
308.0,52.37986623166807,9.701575418216073
309.0,52.37955207213022,9.7077285163086
311.0,52.38043639879264,9.704588204447795
342.0,52.33955452023657,9.725335975129713
357.0,52.34536643043311,9.732525709659093
360.0,52.35138707276831,9.713049190923028
394.0,52.35914754030854,9.728403561377437
395.0,52.35551482475459,9.730168684010598
396.0,52.35843714837741,9.732179857319238
398.0,52.34200572349075,9.755622247615007
402.0,52.348762174395446,9.750178852251421
405.0,52.354856148738925,9.736618579905038
486.0,52.362119766444124,9.734273643228333
741.0,52.32383122644308,9.76761867279275
743.0,52.33163381468523,9.761757847718131
745.0,52.33593784896099,9.763338874182166
746.0,52.33431478330242,9.756300259265286
747.0,52.3361061581,9.758555147179534
755.0,52.34318471129677,9.76395919423689
756.0,52.33064177219319,9.776691072349678
757.0,52.33202000481637,9.767853599190829
786.0,52.32596855290539,9.7858879647029
787.0,52.32598741211024,9.79765013192804
792.0,52.33227377037436,9.788554385440772
795.0,52.33518301580493,9.78202468107568
805.0,52.333838942126626,9.797287073682146
807.0,52.33589734277146,9.79235833623003
811.0,52.313381697579054,9.818609209846647
812.0,52.31583741573752,9.823342616786615
813.0,52.30870844309652,9.825142857407753
816.0,52.31176380893453,9.828024210454085
817.0,52.31906107311145,9.802431193972325
821.0,52.31880329999825,9.811053177308887
823.0,52.31911214551864,9.814991463053753
830.0,52.32124742685963,9.819296736753376
832.0,52.322853054200095,9.811629298500248
833.0,52.325587512937915,9.812806042894353
835.0,52.326516402730874,9.819067450314707
837.0,52.33001168126487,9.80349063484796
838.0,52.334678637376165,9.808837959271687
842.0,52.33739485453502,9.80407174824461
851.0,52.33020753553473,9.81273575935191
853.0,52.32816720355078,9.816381297915557
856.0,52.33109437180551,9.81944612529407
857.0,52.33763771639919,9.811895793812567
858.0,52.33872081300158,9.814865325480394
859.0,52.33518733222999,9.820729792881947
860.0,52.32241566622335,9.82390280783372
861.0,52.32722543470334,9.825138565398861
862.0,52.316992982277185,9.840654847887953
863.0,52.3310811452097,9.827875966630137
865.0,52.33430250279947,9.829972118432433
868.0,52.343987573621405,9.828764828423273
869.0,52.33293198159333,9.840496906099938
870.0,52.33685053262661,9.83435537830503
874.0,52.3385325564503,9.839656297768267
895.0,52.34951794901618,9.758988031577328
900.0,52.3428062604328,9.771214358758646
903.0,52.344314230883064,9.77390184483289
905.0,52.34960867098294,9.77114315260405
910.0,52.35382855661364,9.765885424136961
929.0,52.35375410763105,9.771958615545703
936.0,52.359413158799505,9.775208377054483
937.0,52.34018976477521,9.783164855072924
938.0,52.34263462328917,9.779510779284525
940.0,52.344145564866054,9.78458772393411
941.0,52.346383066931615,9.777405953903324
942.0,52.34818708240534,9.781251448837246
943.0,52.34847341626078,9.786432289933705
944.0,52.34304886013777,9.790042755537526
946.0,52.3392695311733,9.797372956215163
947.0,52.342119935513736,9.796633238693538
948.0,52.346670709717486,9.790795884027785
949.0,52.349386156162154,9.790821138719892
950.0,52.34537798238271,9.799214081954297
954.0,52.35282056977215,9.779119840654245
955.0,52.353558949721304,9.784040170584916
956.0,52.35756261165756,9.790022967379882
958.0,52.36165183353834,9.783273727843007
961.0,52.35271377623988,9.797337734136336
1001.0,52.36354054599526,9.76641725828449
1002.0,52.36527846856188,9.771288378536857
1005.0,52.363569631954384,9.775199732984124
1008.0,52.371426664190885,9.778150799480136
1028.0,52.383890124484815,9.75774539459365
1031.0,52.37779036809172,9.765327112825732
1033.0,52.38228180609858,9.765494859096133
1036.0,52.377133549485876,9.769799508029934
1046.0,52.36157845865778,9.778375892129006
1059.0,52.37084253727099,9.79274321139508
1062.0,52.37054411541761,9.798002289087611
1066.0,52.380408986197175,9.781020129901293
1080.0,52.37415332342567,9.790862789453486
1081.0,52.3773505385473,9.789324954008707
1082.0,52.37661806862285,9.795541804012625
1084.0,52.376606702747615,9.799601548180046
1088.0,52.343979585794436,9.81106479408495
1089.0,52.340284654144,9.819903534736035
1093.0,52.34785933490693,9.810775215095392
1094.0,52.3467274670418,9.819538780028392
1099.0,52.35169875297235,9.803579642251643
1100.0,52.3488958108546,9.80645275280443
1101.0,52.359825780361426,9.802864158840244
1102.0,52.36080115387964,9.809222735508424
1103.0,52.3508192245847,9.813999127399272
1104.0,52.35060016082574,9.820381972273042
1105.0,52.35965504273949,9.814946125729948
1106.0,52.3553851075736,9.817254890221774
1108.0,52.359843621767546,9.820250942728874
1126.0,52.34185535800068,9.836274341223316
1127.0,52.34544550303551,9.839674286939678
1128.0,52.36015769758657,9.82679751262778
1131.0,52.35114566919344,9.829571473984288
1132.0,52.352086085637204,9.83179077324015
1134.0,52.356355350316655,9.823603158396802
1143.0,52.350674705552876,9.836481087150537
1144.0,52.35583439196789,9.834622612880226
1145.0,52.354091756224946,9.838499058303123
1146.0,52.35439807120362,9.842608298676817
1147.0,52.358338148679834,9.834707443781376
1148.0,52.359211405964636,9.84093974096214
1150.0,52.37148268258349,9.806133979374644
1151.0,52.366616775732055,9.812184761354883
1158.0,52.36429895919849,9.819374387192378
1163.0,52.36845745906481,9.818353722950034
1167.0,52.37922799228696,9.803581052215389
1171.0,52.37941921158742,9.808563497116534
1174.0,52.3810314598432,9.812008126884614
1182.0,52.381170179430285,9.818382181971423
1189.0,52.36146907279888,9.830807723399593
1190.0,52.36197094974849,9.83478871927943
1191.0,52.36287424737863,9.839209273970756
1192.0,52.37510156810267,9.827114015576454
1193.0,52.379678134364106,9.82567814509212
1194.0,52.3952778028692,9.605755496290213
1195.0,52.404494439422095,9.617323304889542
1202.0,52.40707402432024,9.621526232750359
1203.0,52.41322355118652,9.622509930722103
1205.0,52.41813647172977,9.617698657566963
1212.0,52.421031243953024,9.619762907785121
1213.0,52.42064100577131,9.623253884574751
1215.0,52.386706505826126,9.662547661883798
1224.0,52.40044816849566,9.64729196240655
1229.0,52.39695808330587,9.654016340196012
1234.0,52.41317537177106,9.646773649321577
1237.0,52.40186747037679,9.668714289298158
1240.0,52.407712555067164,9.627375546673122
1241.0,52.410889158987594,9.633957422875842
1244.0,52.41463904048298,9.631291128994812
1246.0,52.411225962000074,9.645938888000048
1273.0,52.42432045451525,9.6469283619448
1302.0,52.41598324768069,9.65737972090682
1310.0,52.41016431199999,9.6639132179678
1312.0,52.41312723994027,9.661364780584915
1315.0,52.41622025743055,9.669473489197324
1320.0,52.42013169953993,9.658067637429546
1332.0,52.4165216526529,9.663452791367417
1333.0,52.426270935805,9.6602793149049
1335.0,52.427463960899715,9.666971909167891
1340.0,52.395324713082275,9.675318171435272
1341.0,52.38578682399903,9.680342745687343
1342.0,52.39095864787151,9.679709886809091
1344.0,52.39376485147029,9.685611539427628
1351.0,52.39609596872049,9.668535168826915
1363.0,52.40081940475369,9.676025487371758
1364.0,52.394331148579376,9.680138556034631
1367.0,52.40001203450899,9.68130344440813
1372.0,52.39313248858905,9.690355633515992
1373.0,52.395114156368415,9.694605831519503
1383.0,52.389064483901684,9.707285865888027
1389.0,52.39343053362251,9.71092940851372
1398.0,52.39621014616787,9.697845902498525
1402.0,52.4073389532537,9.694559190882401
1403.0,52.39521968116989,9.702564813405639
1405.0,52.39950827904199,9.701985176264337
1408.0,52.40161523766935,9.70697049822337
1411.0,52.404648128538184,9.707932463639233
1412.0,52.40883619798117,9.668793873911143
1414.0,52.40717738790872,9.67456195574686
1417.0,52.41027141682541,9.678139192743167
1421.0,52.41241454617462,9.67415802724406
1423.0,52.416769934901886,9.677896828262122
1424.0,52.40674498418323,9.682238645376493
1425.0,52.409272399286436,9.681806373930014
1426.0,52.40615061832098,9.688049886446908
1427.0,52.41231001002869,9.682648359691541
1429.0,52.41092699256336,9.687552741277537
1430.0,52.41343287113746,9.687236363783775
1432.0,52.41681679293881,9.674087045822034
1435.0,52.42227296604193,9.669341670550379
1436.0,52.41643703825385,9.681129725756861
1438.0,52.41785836852806,9.68752309534098
1442.0,52.4257089026537,9.686596481164104
1454.0,52.417497829579816,9.700237642939499
1479.0,52.42100363279769,9.691974644863208
1493.0,52.419591687243,9.708164458158581
1498.0,52.42331535428939,9.702234285132716
1499.0,52.42586232802497,9.707578822011996
1522.0,52.393051780398416,9.71503522356381
1604.0,52.403681568698616,9.725883762966406
1711.0,52.4038959655394,9.742265281470956
1728.0,52.40540405147361,9.748557805055201
1731.0,52.40914714295091,9.715863368777603
1732.0,52.41454387749266,9.713332516621712
1735.0,52.41515131724031,9.718333092804638
1737.0,52.40649358471354,9.729881785958614
1740.0,52.41093667669023,9.727727526263417
1745.0,52.416199401877925,9.723221311905768
1746.0,52.42272622600689,9.714026174487977
1747.0,52.421785972709834,9.72036431496912
1751.0,52.42641844139469,9.721748159458116
1752.0,52.42040222590908,9.726393794504206
1780.0,52.409999779786254,9.752132812878738
1781.0,52.410674760028336,9.746982823486993
1783.0,52.41382151028841,9.746206472691972
1786.0,52.414876219750035,9.754687976799724
1794.0,52.417218638083185,9.743332287567734
1796.0,52.4213243188613,9.74668131100035
1799.0,52.41617695032658,9.74937985193352
1800.0,52.42199383042844,9.751166438387678
1801.0,52.42774892115703,9.681353724308364
1802.0,52.4307292438529,9.678592025324102
1803.0,52.42889394153808,9.68777429972541
1804.0,52.42900868111809,9.691587894501874
1805.0,52.429108109798946,9.696067686475716
1806.0,52.42976140684038,9.70138978417469
1808.0,52.429483099717665,9.704848737685658
1810.0,52.42862211424815,9.712676359002904
1811.0,52.431267190201545,9.709974088933883
1822.0,52.384087888430166,9.771150201264406
1849.0,52.39671985128935,9.783987469936848
1866.0,52.40439691620903,9.773012046267803
1867.0,52.38903195865627,9.786408691192086
1872.0,52.383315656953506,9.791344085063933
1874.0,52.38475026307993,9.798462567090684
1878.0,52.38879095600277,9.79689207506342
1896.0,52.404014433044765,9.780755538570096
1898.0,52.40185201553488,9.787527885362225
1911.0,52.39640927882057,9.798931474195383
1912.0,52.402644031024344,9.792163571248627
1919.0,52.41167833794498,9.798446941850935
1920.0,52.40916422352464,9.76226038212915
1922.0,52.41071805920152,9.756895727269553
1927.0,52.41039839815519,9.768305226861326
1928.0,52.40867151442484,9.77362560266985
1930.0,52.41083328640448,9.777869685813197
1932.0,52.41351859777091,9.76783233466263
1933.0,52.41550038146715,9.762284633692596
1934.0,52.42080130114004,9.757352097089115
1938.0,52.419083530008756,9.765206748778988
1941.0,52.41783559455541,9.772028736105693
1943.0,52.41685503917865,9.776729705977282
1944.0,52.40960174506989,9.781197240554256
1948.0,52.40501166359116,9.783675533043468
1949.0,52.406807963056075,9.786786739191257
1952.0,52.41705907428221,9.781427631103847
1956.0,52.41064814471114,9.785624519188008
1974.0,52.415441524728415,9.788743436588943
1988.0,52.42408761351961,9.78271513384366
1992.0,52.42079443972213,9.791015159303036
2003.0,52.387945624054396,9.801936328498648
2011.0,52.39140841016061,9.803215662275797
2014.0,52.38875528782285,9.80698823030059
2017.0,52.39163136972962,9.807264823583678
2018.0,52.39062983561671,9.811047064934398
2020.0,52.38734822870403,9.815375697067994
2022.0,52.38438499881123,9.817489321958528
2026.0,52.39210755623128,9.813223016181057
2027.0,52.39080429419016,9.819824882335581
2035.0,52.399056536288946,9.802402918800418
2043.0,52.39469631525391,9.808448488042105
2044.0,52.39774151181486,9.809026127399164
2052.0,52.40452203283865,9.809151057400639
2054.0,52.39632550988492,9.816481667144814
2055.0,52.39982525055996,9.812394417894449
2060.0,52.403083645673966,9.815948813750351
2061.0,52.39915670123958,9.816633963856505
2062.0,52.40009519147842,9.819752823599789
2063.0,52.38474270571156,9.823344021666589
2067.0,52.38605534817325,9.832619014064479
2071.0,52.39167857095759,9.824045932281818
2072.0,52.39056183111346,9.828937497772012
2077.0,52.38354402754647,9.83994011125494
2078.0,52.388028114332386,9.841614800188722
2079.0,52.39125051725744,9.834274282025667
2081.0,52.39934482081787,9.833483270767305
2082.0,52.40134498626578,9.82554635206592
2087.0,52.399943917826604,9.830084824475252
2088.0,52.39404048889449,9.834652311478266
2090.0,52.3971065676529,9.837450414893645
2091.0,52.394663819216156,9.841914815079805
2103.0,52.40950222876969,9.808816834448807
2109.0,52.40951632196591,9.812131074917005
2111.0,52.406742813356566,9.82088068911312
2113.0,52.40981697752008,9.817967722729009
2116.0,52.41312910312841,9.814008625966387
2118.0,52.417605533862236,9.802844069979889
2119.0,52.419116057725674,9.805211772689173
2124.0,52.4199476475328,9.809684047341046
2125.0,52.42596170630865,9.798951489032962
2126.0,52.41969554304985,9.814855287324262
2127.0,52.42462194501954,9.815386061917945
2130.0,52.409060119558326,9.826686388992517
2131.0,52.41014785904463,9.830437434435833
2133.0,52.41517378843992,9.825635897627034
2135.0,52.40937832205395,9.835629233730854
2137.0,52.40926307903272,9.839398798752574
2138.0,52.41414533834193,9.845832472210514
2139.0,52.41352198630407,9.838905539037954
2143.0,52.42107957747015,9.830655646505393
2147.0,52.42160811228354,9.821570920527504
2149.0,52.42860734911213,9.819311808939315
2173.0,52.42670247600259,9.766930073002472
2174.0,52.42633543608333,9.770069465200413
2175.0,52.42790443216395,9.776060799844778
2181.0,52.42955099430652,9.783788288488056
2184.0,52.43011707553029,9.787230239311457
2185.0,52.42962927433261,9.79221768770305
2187.0,52.43119593933423,9.798314001196644
2188.0,52.43491599915383,9.792191345160786
2189.0,52.43499035730192,9.79835511889379
2190.0,52.42834004506635,9.801962744945156
2191.0,52.43234333248292,9.804318145228885
2198.0,52.43734021135314,9.803092872256489
2200.0,52.42948089424311,9.812747731574824
2205.0,52.44119939214304,9.801040510199421
2206.0,52.308289026279084,9.85956832224283
2212.0,52.322225156599586,9.843211708037114
2213.0,52.32211946037891,9.851284194659518
2214.0,52.32795162618025,9.849046417690818
2215.0,52.32726729827684,9.855160013355
2216.0,52.32392343739178,9.863782257917817
2217.0,52.32730429799392,9.863906109734854
2218.0,52.33044688616816,9.846426205671605
2219.0,52.331779581023284,9.86387829843578
2221.0,52.337908226381224,9.86604353959561
2222.0,52.35417651734887,9.846146687802324
2223.0,52.36177841773788,9.84442588202916
2224.0,52.36016251801295,9.847490359124013
2226.0,52.35463150335419,9.850933122093895
2227.0,52.35675126519074,9.852797295672598
2228.0,52.36304064772386,9.851579467689316
2229.0,52.35677297135842,9.8577052120246
2231.0,52.35749277160073,9.863527609534923
2233.0,52.34224033526889,9.867407851357854
2234.0,52.35249514183216,9.873297419057831
2235.0,52.35982066525661,9.870500380324296
2237.0,52.36839150456725,9.854241867958763
2239.0,52.36219947233676,9.859890172281672
2243.0,52.363108289360035,9.86681433244348
2244.0,52.37206281051405,9.862678494952627
2251.0,52.367334361017456,9.867145507823151
2257.0,52.387408748475096,9.85822160701078
2264.0,52.36397974467916,9.872310421763636
2265.0,52.37416120219109,9.872660772268105
2266.0,52.36321736650029,9.889902591703455
2269.0,52.38986055481122,9.846139482771338
2272.0,52.386926801652315,9.850212944367922
2293.0,52.39285022583117,9.860335304999492
2294.0,52.397629002583265,9.84873889944764
2299.0,52.4004571038895,9.859476874288067
2301.0,52.40448238136404,9.86450032181596
2302.0,52.40205509543301,9.870856282098114
2307.0,52.39899340589483,9.88485251352599
2309.0,52.39917390790971,9.877618493250262
2311.0,52.407287153128884,9.85083181994503
2326.0,52.40659205622391,9.859155458738197
2332.0,52.41179970644879,9.85864300787019
2333.0,52.42418086916682,9.8468468183542
2335.0,52.41901689815968,9.858520914235436
2336.0,52.401982110624985,9.89889814644155
2340.0,52.40678110943943,9.897376156007065
2341.0,52.41034948826538,9.897995930389419
2342.0,52.354519603560895,9.644829124160172
2343.0,52.35836040697093,9.64216052136081
2344.0,52.3535634901926,9.64876526436046
2345.0,52.35817026333591,9.647060815105199
2346.0,52.36066146512737,9.661424789376548
2347.0,52.36139815640936,9.64289653085553
2348.0,52.363498808759275,9.654279973381461
2349.0,52.36685055609378,9.656146913958779
2350.0,52.36305943746623,9.65973103941354
2351.0,52.36796036641251,9.660475514936975
2352.0,52.38150139792508,9.654190253556996
2353.0,52.315012839835966,9.684365581077351
2354.0,52.31585415590957,9.690417471924627
2355.0,52.32699988156169,9.674369909992578
2356.0,52.319554382338964,9.686704256005585
2357.0,52.33113488423177,9.675400292695095
2358.0,52.33399409361555,9.67629708413121
2359.0,52.332158647819874,9.68115942994802
2360.0,52.32016357543879,9.694552879323915
2361.0,52.32171868918251,9.703532979823294
2362.0,52.32406436823193,9.706930283144226
2363.0,52.33105359258246,9.709778079978012
2364.0,52.33350862103822,9.708360088712027
2365.0,52.32650074563831,9.713398370316952
2366.0,52.32974496862673,9.712424127078894
2367.0,52.33258931338571,9.72860269805238
2368.0,52.326515352943986,9.753679449614753
2369.0,52.33190216650506,9.7351065576265
2370.0,52.3364296924663,9.737524164524967
2371.0,52.330820447575135,9.748716092077212
2372.0,52.34156367676975,9.680500901944363
2373.0,52.35568389703668,9.689775757358511
2374.0,52.35674010126352,9.691775965489986
2375.0,52.34197068946795,9.739636559646437
2376.0,52.347439172028075,9.740309351366191
2377.0,52.34378484007129,9.747641317915312
2378.0,52.344409836783065,9.74903655053287
2379.0,52.35090362362602,9.738097611264905
2380.0,52.32136641136625,9.760776451775635
2381.0,52.325980670376445,9.758511528315848
2382.0,52.32009698358902,9.772847501105646
2383.0,52.32480085983192,9.77351255154107
2384.0,52.328371634548866,9.762572983373643
2385.0,52.31981974296272,9.777907618170305
2386.0,52.32084153679678,9.798511584727693
2387.0,52.32252073760162,9.798022310103459
2388.0,52.338686755655615,9.790568751545015
2389.0,52.30825171304057,9.832135434306647
2390.0,52.31501221064472,9.830055516120558
2391.0,52.30849445657338,9.838914024338997
2392.0,52.31336677516175,9.837635347814189
2393.0,52.3220878748265,9.803965697056777
2394.0,52.32377387451881,9.804348825965658
2395.0,52.3195944003934,9.829952542459376
2396.0,52.32517874028656,9.830529944969722
2397.0,52.32005597922071,9.835209418909459
2398.0,52.325153952784454,9.837713022447158
2399.0,52.328388660303986,9.832146952990685
2400.0,52.32958502503065,9.836115759744864
2401.0,52.336862236032594,9.843591326034746
2402.0,52.35642043436701,9.776674350318293
2403.0,52.33922527649575,9.788853739438
2404.0,52.356354988287755,9.77855322374704
2405.0,52.35850140220678,9.797830471052105
2406.0,52.38070805956327,9.774951383293825
2407.0,52.364962555360734,9.788429170119402
2408.0,52.36768693442816,9.786810111546016
2409.0,52.363760214079925,9.794328526701088
2410.0,52.367053823325385,9.795551946272662
2411.0,52.38015612739477,9.794087113737413
2412.0,52.341261508130245,9.808342745844667
2413.0,52.34617133052139,9.805578806249423
2414.0,52.35436240604604,9.807798513380012
2415.0,52.35583176200502,9.80535547003929
2416.0,52.354413535610824,9.81129433677708
2417.0,52.355671399021645,9.811262386865186
2418.0,52.34085911487772,9.843185133114218
2419.0,52.3491635144896,9.84045204059192
2420.0,52.35042549915588,9.842627908386152
2421.0,52.3649049049128,9.802778405867878
2422.0,52.36673011422413,9.803127966542725
2423.0,52.371666845633705,9.814567544532963
2424.0,52.373201475300796,9.817807989986958
2425.0,52.377331952091396,9.820981131881133
2426.0,52.36596662586828,9.83184045882907
2427.0,52.36922101775756,9.828710933434293
2428.0,52.36559599217069,9.839235763316115
2429.0,52.36886358400016,9.83825739347859
2430.0,52.372833707151344,9.832254009081923
2431.0,52.37859868716748,9.831264076758716
2432.0,52.37460120036737,9.838564913506588
2433.0,52.37961589870672,9.837311939049432
2434.0,52.396986517753845,9.60997886819852
2435.0,52.399593516673505,9.61202379492045
2436.0,52.397268665784324,9.618784483798418
2437.0,52.40058849835206,9.619632840029624
2438.0,52.410135230953465,9.618089657173037
2440.0,52.4169681693848,9.623685076242634
2441.0,52.39728046287537,9.624514238861575
2442.0,52.40169299790355,9.627378317376461
2443.0,52.38368385539097,9.65295871656551
2444.0,52.39180404083199,9.663555822321355
2445.0,52.4009711861346,9.654702576471124
2446.0,52.3947114735982,9.66486826727249
2447.0,52.40597939918293,9.63154342243678
2448.0,52.41682772460514,9.625172533177995
2449.0,52.42603766577579,9.634047051571446
2450.0,52.42630360694714,9.63730294279454
2451.0,52.42081945200178,9.662931780752773
2452.0,52.42239927287513,9.66272246263426
2453.0,52.42933842082877,9.640984002481867
2454.0,52.43312507137006,9.643034635613043
2455.0,52.43084853637009,9.652247132042037
2456.0,52.43298417997883,9.646427062235542
2457.0,52.43146703854692,9.659464655554338
2458.0,52.433101697833735,9.661118408368395
2459.0,52.38802507145088,9.673933376708982
2460.0,52.39062575729378,9.67077938517418
2461.0,52.385221238952234,9.688264066396076
2462.0,52.40402224175872,9.677393924362926
2463.0,52.40317188814132,9.684038513446163
2464.0,52.38646239945749,9.695809899270985
2465.0,52.38654993925231,9.701487149459426
2466.0,52.39680983106313,9.708125213108303
2467.0,52.424523270348175,9.676540213462273
2468.0,52.420651022914036,9.681538926923592
2469.0,52.42266964574825,9.682346004754285
2470.0,52.42588286866291,9.697257360346622
2471.0,52.403701293105385,9.754553072877096
2472.0,52.40745042744006,9.72119977833672
2473.0,52.410359912448854,9.719990319881221
2474.0,52.40832785651003,9.724083360235573
2475.0,52.414265558041144,9.72603111875278
2476.0,52.42629770851984,9.714970386998374
2477.0,52.42525953660165,9.733132386396358
2478.0,52.405371273114106,9.755346584167805
2479.0,52.42535749042836,9.738491253573631
2480.0,52.42551018253322,9.751890509875661
2481.0,52.42776824577109,9.67610152573854
2482.0,52.4269054047747,9.697173147867598
2483.0,52.427120120470285,9.716135998782605
2484.0,52.42748256837167,9.730217354586332
2485.0,52.42737810296537,9.738294672572346
2486.0,52.427410113305825,9.748694257412348
2487.0,52.38692251940432,9.762922497690939
2488.0,52.38899386160574,9.764428344991414
2489.0,52.38688653166871,9.773061421407402
2490.0,52.390275684794375,9.77332906057674
2491.0,52.40268453745455,9.756515863478743
2492.0,52.4047063251866,9.768575351812382
2493.0,52.386659430697115,9.778774402175733
2494.0,52.39077888004397,9.779383053162086
2495.0,52.40586331606171,9.756617344785136
2496.0,52.40486175928047,9.76893498356937
2497.0,52.42450182074879,9.761232808303017
2498.0,52.421059400100575,9.774941504821477
2499.0,52.42246263777039,9.770762619473645
2500.0,52.425658565633576,9.791853186092144
2501.0,52.393592395442134,9.827513215023966
2502.0,52.395448026090804,9.825219681555632
2503.0,52.403141925508926,9.83809209009264
2504.0,52.415249720814266,9.81874761870572
2505.0,52.42468130616642,9.80809571588666
2506.0,52.41691531243698,9.81840493951675
2507.0,52.405611612695296,9.832013305607592
2508.0,52.40565316365412,9.838922877675786
2509.0,52.413421074019,9.834346595787077
2510.0,52.430736079863436,9.766481710096524
2511.0,52.43166395161755,9.77017669440106
2512.0,52.43524396888373,9.773546869222134
2513.0,52.43812260954259,9.765744306286958
2514.0,52.44039188148122,9.773487009471785
2515.0,52.44638958697712,9.773982231285345
2516.0,52.43191156615322,9.778983328127683
2517.0,52.43538193708623,9.782692481831242
2518.0,52.43768622089645,9.793568499691203
2519.0,52.440686822865054,9.783770079705345
2520.0,52.44579449330909,9.783228782743857
2521.0,52.44076807867939,9.791932782699002
2522.0,52.446122721325295,9.793954221109804
2523.0,52.45105480237412,9.77539446340221
2524.0,52.45082499464492,9.781092966643968
2525.0,52.449169305548594,9.79459492776758
2526.0,52.43675743769358,9.809819048168695
2527.0,52.43547968386239,9.815793015258295
2528.0,52.44108715551886,9.808531608680536
2529.0,52.44586435891463,9.805645432743724
2530.0,52.44046366602058,9.81653513142921
2531.0,52.446525754408476,9.81443708101651
2532.0,52.433736866974094,9.82395023821641
2533.0,52.44123639060049,9.822561621227441
2534.0,52.44958695842088,9.806852460173992
2535.0,52.30514548515029,9.85174355947759
2536.0,52.3089290476524,9.848860964012044
2537.0,52.31349293628659,9.849711981268545
2538.0,52.31089038035312,9.857387690067556
2539.0,52.31399497300614,9.85972767327815
2540.0,52.3135086224975,9.867014782541176
2541.0,52.31762829321734,9.850547792825834
2542.0,52.31934549493759,9.858726619387859
2543.0,52.322965647974506,9.857050193344373
2544.0,52.33198596974139,9.852917413419862
2545.0,52.336225633343375,9.84932422465897
2546.0,52.331984317857696,9.856370110156135
2547.0,52.33655992964921,9.857211735817872
2548.0,52.326378869392016,9.87227028069427
2549.0,52.33051535101023,9.872821346510426
2550.0,52.335908771719176,9.8719321245811
2551.0,52.32897462039636,9.877995104825091
2552.0,52.33772294666018,9.878543883770535
2553.0,52.341429230914784,9.849724062086738
2554.0,52.347001831577856,9.849251200355948
2555.0,52.3417713278285,9.85823358032048
2556.0,52.34684544282168,9.861267904669079
2557.0,52.35084519045267,9.848678956055155
2558.0,52.35203975110681,9.860882010199173
2559.0,52.34290987458987,9.874560290271436
2560.0,52.34684728315572,9.870338605990485
2561.0,52.34196137037046,9.87928513899654
2562.0,52.34493041892272,9.881527805829958
2563.0,52.35269166478883,9.86838994379714
2564.0,52.357380165981866,9.873714187829119
2565.0,52.35922606003405,9.880362958376946
2566.0,52.3648578941813,9.847495580175522
2567.0,52.36892774424859,9.846230266116295
2568.0,52.374904966010334,9.848993759752295
2569.0,52.38028672135997,9.849310858336528
2570.0,52.376148343347154,9.856659416090505
2571.0,52.37904061089912,9.85568844594431
2572.0,52.36333758590605,9.876149112108457
2573.0,52.368831369113025,9.873846858760137
2574.0,52.363942230105344,9.880078958597638
2575.0,52.36931454726062,9.881781994772721
2576.0,52.376870237100015,9.875920026796868
2577.0,52.380157832228896,9.873854169783845
2578.0,52.37419960219336,9.881456874994388
2579.0,52.37992755613934,9.882458707284973
2580.0,52.35981027654547,9.894222834097173
2581.0,52.36948973231072,9.889186038046137
2582.0,52.37447301428767,9.889606485167178
2583.0,52.37995087831915,9.88873684809515
2584.0,52.38345611781525,9.852077674692241
2585.0,52.390062806240394,9.864013493054431
2586.0,52.40245825602978,9.849328493154342
2587.0,52.39619867054349,9.864054773563693
2588.0,52.39991416200146,9.864923057349694
2589.0,52.38612571066064,9.870946772032866
2590.0,52.391191194399426,9.871241453581206
2591.0,52.385565267315265,9.881404034985154
2592.0,52.390420825888704,9.882840242190758
2593.0,52.39627544836735,9.870206639116429
2594.0,52.39475318755078,9.881378445426327
2595.0,52.40355563610727,9.882814133720228
2596.0,52.40624883653879,9.844918865873703
2597.0,52.409345900046404,9.865647254729238
2598.0,52.413738509407544,9.862413984929391
2599.0,52.41900025017994,9.849778396134246
2600.0,52.423646203441926,9.851126042689064
2601.0,52.4185593245628,9.864563775500079
2602.0,52.42345745210707,9.859920858664125
2603.0,52.408297621268645,9.872672515577403
2604.0,52.41276654882113,9.87151174016042
2605.0,52.407495601820905,9.882082568001879
2606.0,52.412923335969296,9.881535857666186
2607.0,52.4191178649767,9.87118216974897
2608.0,52.42226678487389,9.87213771819607
2609.0,52.41826571159212,9.88189129541182
2610.0,52.42199663569251,9.882129129494494
2611.0,52.385312573242004,9.888329775109304
2612.0,52.40225672337,9.891253862418267
2613.0,52.403005111097265,9.907050628088685
2614.0,52.402457448853596,9.914605269821728
2615.0,52.40751983835854,9.889389345764586
2616.0,52.41201180487868,9.891716433117804
2617.0,52.407273349697626,9.90586551043522
2618.0,52.41286127244792,9.901128828767874
2619.0,52.41986115126147,9.888476175572418
2620.0,52.42215808116471,9.888607452907976
2621.0,52.40585642854461,9.911579164568218
