geohash,cluster_id
u1qcg6,2342.0
u1qcg7,2343.0
u1qcgd,2344.0
u1qcge,2345.0
u1qcgg,2346.0
u1qcgk,2347.0
u1qcgs,2348.0
u1qcgt,2349.0
u1qcgu,2350.0
u1qcgv,2351.0
u1qcgx,2352.0
u1qcs7,2353.0
u1qcse,2354.0
u1qcsj,2355.0
u1qcsk,2356.0
u1qcsn,2357.0
u1qcsp,2358.0
u1qcsq,2359.0
u1qcss,2360.0
u1qcsu,2361.0
u1qcsv,2362.0
u1qcsy,2363.0
u1qcsz,2364.0
u1qctj,2365.0
u1qctn,2366.0
u1qctq,2367.0
u1qctv,2368.0
u1qctw,2369.0
u1qctx,2370.0
u1qcty,2371.0
u1qcu2,2372.0
u1qcu7,2373.0
u1qcue,2374.0
u1qcv8,2375.0
u1qcv9,2376.0
u1qcvb,2377.0
u1qcvc,2378.0
u1qcvd,2379.0
u1qcwh,2380.0
u1qcwj,2381.0
u1qcwk,2382.0
u1qcwm,2383.0
u1qcwn,2384.0
u1qcws,2385.0
u1qcwu,2386.0
u1qcwv,2387.0
u1qcwz,2388.0
u1qcxd,2389.0
u1qcxe,2390.0
u1qcxf,2391.0
u1qcxg,2392.0
u1qcxh,2393.0
u1qcxj,2394.0
u1qcxs,2395.0
u1qcxt,2396.0
u1qcxu,2397.0
u1qcxv,2398.0
u1qcxw,2399.0
u1qcxy,2400.0
u1qcxz,2401.0
u1qcy7,2402.0
u1qcyb,2403.0
u1qcye,2404.0
u1qcyg,2405.0
u1qcyr,2406.0
u1qcys,2407.0
u1qcyt,2408.0
u1qcyu,2409.0
u1qcyv,2410.0
u1qcyz,2411.0
u1qcz0,2412.0
u1qcz1,2413.0
u1qcz4,2414.0
u1qcz5,2415.0
u1qcz6,2416.0
u1qcz7,2417.0
u1qczb,2418.0
u1qczc,2419.0
u1qczf,2420.0
u1qczh,2421.0
u1qczj,2422.0
u1qczm,2423.0
u1qczq,2424.0
u1qczr,2425.0
u1qczs,2426.0
u1qczt,2427.0
u1qczu,2428.0
u1qczv,2429.0
u1qczw,2430.0
u1qczx,2431.0
u1qczy,2432.0
u1qczz,2433.0
u1qf4d,2434.0
u1qf4e,2435.0
u1qf4f,2436.0
u1qf4g,2437.0
u1qf4u,2438.0
u1qf4v,2439.0
u1qf4y,2440.0
u1qf54,2441.0
u1qf55,2442.0
u1qf58,2443.0
u1qf5c,2444.0
u1qf5e,2445.0
u1qf5f,2446.0
u1qf5h,2447.0
u1qf5n,2448.0
u1qf5p,2449.0
u1qf5r,2450.0
u1qf5y,2451.0
u1qf5z,2452.0
u1qf72,2453.0
u1qf73,2454.0
u1qf78,2455.0
u1qf79,2456.0
u1qf7b,2457.0
u1qf7c,2458.0
u1qfh0,2459.0
u1qfh1,2460.0
u1qfh2,2461.0
u1qfh5,2462.0
u1qfh7,2463.0
u1qfh8,2464.0
u1qfhb,2465.0
u1qfhf,2466.0
u1qfhp,2467.0
u1qfhq,2468.0
u1qfhr,2469.0
u1qfhx,2470.0
u1qfjg,2471.0
u1qfjh,2472.0
u1qfjj,2473.0
u1qfjk,2474.0
u1qfjm,2475.0
u1qfjp,2476.0
u1qfjr,2477.0
u1qfju,2478.0
u1qfjx,2479.0
u1qfjz,2480.0
u1qfk0,2481.0
u1qfk8,2482.0
u1qfm0,2483.0
u1qfm2,2484.0
u1qfm8,2485.0
u1qfmb,2486.0
u1qfn0,2487.0
u1qfn1,2488.0
u1qfn2,2489.0
u1qfn3,2490.0
u1qfn5,2491.0
u1qfn7,2492.0
u1qfn8,2493.0
u1qfn9,2494.0
u1qfnh,2495.0
u1qfnk,2496.0
u1qfnp,2497.0
u1qfnq,2498.0
u1qfnr,2499.0
u1qfnz,2500.0
u1qfp9,2501.0
u1qfpd,2502.0
u1qfpg,2503.0
u1qfpm,2504.0
u1qfpp,2505.0
u1qfpq,2506.0
u1qfps,2507.0
u1qfpu,2508.0
u1qfpv,2509.0
u1qfq0,2510.0
u1qfq2,2511.0
u1qfq3,2512.0
u1qfq4,2513.0
u1qfq6,2514.0
u1qfq7,2515.0
u1qfq8,2516.0
u1qfq9,2517.0
u1qfqc,2518.0
u1qfqd,2519.0
u1qfqe,2520.0
u1qfqf,2521.0
u1qfqg,2522.0
u1qfqk,2523.0
u1qfqs,2524.0
u1qfqu,2525.0
u1qfr1,2526.0
u1qfr3,2527.0
u1qfr4,2528.0
u1qfr5,2529.0
u1qfr6,2530.0
u1qfr7,2531.0
u1qfr9,2532.0
u1qfrd,2533.0
u1qfrh,2534.0
u1r181,2535.0
u1r184,2536.0
u1r185,2537.0
u1r186,2538.0
u1r187,2539.0
u1r18e,2540.0
u1r18h,2541.0
u1r18k,2542.0
u1r18m,2543.0
u1r18n,2544.0
u1r18p,2545.0
u1r18q,2546.0
u1r18r,2547.0
u1r18t,2548.0
u1r18w,2549.0
u1r18x,2550.0
u1r18y,2551.0
u1r18z,2552.0
u1r1b0,2553.0
u1r1b1,2554.0
u1r1b2,2555.0
u1r1b3,2556.0
u1r1b4,2557.0
u1r1b6,2558.0
u1r1b8,2559.0
u1r1b9,2560.0
u1r1bb,2561.0
u1r1bc,2562.0
u1r1bd,2563.0
u1r1be,2564.0
u1r1bg,2565.0
u1r1bh,2566.0
u1r1bj,2567.0
u1r1bn,2568.0
u1r1bp,2569.0
u1r1bq,2570.0
u1r1br,2571.0
u1r1bs,2572.0
u1r1bt,2573.0
u1r1bu,2574.0
u1r1bv,2575.0
u1r1bw,2576.0
u1r1bx,2577.0
u1r1by,2578.0
u1r1bz,2579.0
u1r1c5,2580.0
u1r1cj,2581.0
u1r1cn,2582.0
u1r1cp,2583.0
u1r400,2584.0
u1r403,2585.0
u1r405,2586.0
u1r406,2587.0
u1r407,2588.0
u1r408,2589.0
u1r409,2590.0
u1r40b,2591.0
u1r40c,2592.0
u1r40d,2593.0
u1r40f,2594.0
u1r40g,2595.0
u1r40h,2596.0
u1r40k,2597.0
u1r40m,2598.0
u1r40n,2599.0
u1r40p,2600.0
u1r40q,2601.0
u1r40r,2602.0
u1r40s,2603.0
u1r40t,2604.0
u1r40u,2605.0
u1r40v,2606.0
u1r40w,2607.0
u1r40x,2608.0
u1r40y,2609.0
u1r40z,2610.0
u1r410,2611.0
u1r415,2612.0
u1r417,2613.0
u1r41e,2614.0
u1r41h,2615.0
u1r41j,2616.0
u1r41k,2617.0
u1r41m,2618.0
u1r41n,2619.0
u1r41p,2620.0
u1r41s,2621.0
